shortcode,timestamp,likes,caption,is_video,comment
3744283262354372097,1760573369,3,"ğŸ¯ The right skills for the right job, every time.
At Extrastaff, we donâ€™t believe in one-size-fits-all. Thatâ€™s why we take the time to truly understand our clients, their operations, their culture, and the exact skills they need on-site.

Through thorough screening and trade testing, we ensure every worker we place is job-ready and the right fit from day one.

Tailored staffing isnâ€™t just a service, itâ€™s a partnership.

_
#SkilledWorkforce #TradeTested #TailoredStaffing #ClientFocused #ExtraStaff",False,
3742717635399469103,1760386732,1,"ğŸ¤ Our clients are at the heart of everything we do.

At Extrastaff, weâ€™re proud to partner with businesses of all sizes, from local operators to national brands, delivering flexible staffing solutions that keep things moving.

We understand that every business is different, so we tailor our approach to fit your needs, not the other way around.

Thank you to our clients for trusting us to be part of your journey.

_
#ClientFirst #StaffingSupport #BusinessPartners #Extrastaff",False,
3739138551339789011,1759960071,2,"At Extrastaff, weâ€™re all about people.
We provide smart, fast, and flexible staffing solutions across a range of industries, helping businesses stay agile and workers stay connected to opportunities.

With years of experience and a hands-on approach, we make staffing simple.

Letâ€™s make work work better.

_
#StaffingSolutions #BusinessSupport #WorkforceExperts #ExtraStaff",False,
3737645147917364665,1759782044,2,"ğŸ€ Season 5 of the Extrastaff Basketball League wrapped up with a high-energy Finals Night at Kelston Boys High School!

This season brought together the best of Extrastaff Elite and Extrastaff Division teams, with 6 teams walking away with prize money after a fierce competition. 

Big shoutout to Oscar & Charles, who were courtside for the action, joining Dennis & Mikee from Workers First Union to present the trophies to our winners and runners-up. ğŸ†ğŸ‘

Weâ€™re already looking ahead to Season 6, and this time, weâ€™re planning to enter an Extrastaff Internal Team into the mix. Letâ€™s go! ğŸ’ª

_
#ExtrastaffBasketball #Season5Finals #TeamSpirit #Community #WorkersFirstUnion #GameOn",False,
3734037547120283671,1759351984,1,"ğŸ’§ Waterproofers Wanted â€“ Auckland
Skilled in waterproofing or confident on the tools? Weâ€™ve got full-time work ready to go across Auckland!

ğŸ“ Auckland-based
ğŸ“… Ongoing, full-time work
ğŸ› ï¸ Torch-on, membrane & general waterproofing
ğŸš€ Supportive teams & real growth

Weâ€™re after reliable tradies or labourers with waterproofing skills. Shingle roofing experience is a bonus, but not essential â€” the right attitude matters most.

â€¢ Immediate starts
â€¢ Great crews, solid projects
â€¢ Opportunity to upskill and grow

If youâ€™re ready to get stuck in and take your skills to the next level, we want to hear from you.

Apply now: Link in bio
Letâ€™s build something watertight together!

_
#Extrastaff #WaterproofingJobs #ConstructionJobsNZ #AucklandJobs #TradieLife #HiringNow #RoofingJobs #SkilledLabour #NZConstruction #WorkWithUs",False,
3732641890576804477,1759185609,1,"When you need hands on deck, fast.

At Extrastaff, we specialise in providing casual and temporary industrial staff when and where you need them most. Whether itâ€™s filling a last-minute gap or scaling up for a major project, we move quickly, without compromising on quality.

ğŸ¦º Skilled & unskilled workers available
âš™ï¸ Warehousing, logistics, manufacturing & more
ğŸ“ Nationwide reach, local expertise
ğŸ“ Fast, reliable cover, same-day if needed
ğŸ” Pre-screened, vetted & ready to work

Big projects or small crews, weâ€™ve got your back. Our responsive approach means whether you need someone for three months or three hours, youâ€™ll get people who show up, work hard, and get the job done right.

Tight spot? Weâ€™ve got you.
Letâ€™s talk about your staffing needs.",False,
3729681165206102136,1758832663,3,"Extrastaff: New Zealandâ€™s Largest Skilled Labour Provider

Part of the Infrawork Group, Extrastaff connects quality workers with great jobs nationwide. Since 1965, weâ€™ve supported over 500 clients, from government to major corporates, with flexible labour solutions for projects big and small.

Our skilled workforce includes local and migrant workers, all vetted through rigorous processes to ensure reliability and safety.

We provide staff across six sectors: Trades & Construction, Manufacturing, Health, Industrial, Office, and Horticulture, ready to meet your needs, whether itâ€™s one worker or hundreds.

Contact us:
Auckland | Christchurch | 0800 662 511

Extrastaff: Skilled people. Flexible solutions. Stronger projects.",False,
3727504027434580179,1758573128,4,"Looking out for people. Looking out for jobs.
Itâ€™s more than a tagline, itâ€™s how we work.

We show up on site, check in with our crews, and make sure people feel seen, safe, and supported.

We match the right people with the right jobs, not just to get work done, but to build trust and long-term partnerships.

Because at the end of the day, itâ€™s about people.
And weâ€™ve got their backs.",False,
3724053699112398307,1758161817,3,"On Site with Summit ğŸ—ï¸

@anitasharp_ dropped in to see our awesome clients at Summit Scaffolding Ltd, industry leaders in commercial, industrial, and residential scaffolding across Hamilton, the Waikato, and Bay of Plenty.

Summitâ€™s reputation for safety, efficiency, and top-tier workmanship speaks for itself, and itâ€™s always great to see their projects in action.

Client visits like this are an important part of what we do.
â€¢ Checking in on project progress
â€¢ Catching up with our hard-working boys on site
â€¢ Dropping off fresh PPE
â€¢ Seeing what phase jobs are in and where support is needed next

Big thanks to the Summit team for having us, itâ€™s always a pleasure working with crews who take pride in what they do.

Stronger partnerships. Safer sites. Solid people.",False,
3722507779145122086,1757977529,3,"Mahi done right, and lunch served hot ğŸ”

Today wasnâ€™t just about getting the job done. It was about showing up, saying thanks, and sharing a meal with the legends who keep the wheels turning.

The boys put in the hard yards day in, day out, so we fired up the grill and served up some well-earned burgers.

Because recognition doesnâ€™t always need a speech. Sometimes, itâ€™s just a full plate, a good laugh, and a moment to breathe.

At Extrastaff, we back our crews, not just with work, but with real support where it counts.

Work hard. Eat well. Stay solid.",False,
3718837189238532620,1757539961,1,"ğŸš› Truck Drivers with Paving Experience â€“ We Need You!
Ready to roll into full-time, long-term work in Auckland? Weâ€™re hiring experienced Class 2 / 4 / 5 Drivers to join top-tier civil projects across the region.

ğŸ“ Auckland-based
ğŸ“… Ongoing, long-term work
ğŸ›£ï¸ Civil projects, paving & roading
ğŸ‘·â€â™‚ï¸ Great team, great opportunities

Weâ€™re after skilled, safety-focused drivers with a background in asphalt or surfacing. If you know your way around a paving crew and want steady work with a great team, letâ€™s talk.

â€¢ Full PPE & support provided
â€¢ Overtime available
â€¢ Growth & upskilling potential

Apply now: Link in bio
Drive your civil career forward with Extrastaff!
_
#Extrastaff #TruckDriverJobs #AucklandJobs #CivilJobsNZ #PavingCrew #TransportJobsNZ #Class2Driver #Class4Driver #Class5Driver #AsphaltJobs #HiringNow #DriveWithUs",False,
3717408477938920198,1757369645,3,"Itâ€™s more than just work.

Behind every high-vis vest is a person, putting in the hours, doing the mahi, and showing up rain or shine.

Thatâ€™s why we show up too.

Whether itâ€™s a BBQ on-site, a quick yarn, or a simple check-in, itâ€™s our way of saying we see you. Not just for what you do, but for who you are.

These small moments? Theyâ€™re how trust is built. How loyalty is earned. How strong crews, and stronger communities, are formed.

At Extrastaff, weâ€™re not just filling roles.
Weâ€™re backing people. Every day, every site.

Appreciation you can taste.
Support you can count on.",False,
3712302873792700633,1756761009,7,"Showing up matters.

Sometimes itâ€™s as simple as firing up the BBQ.

BBQ shouts arenâ€™t just about feeding the team, theyâ€™re about showing up, saying thank you, and recognising the hard work that happens day in and day out on site.

In tough conditions, tight deadlines, and high-pressure environments, itâ€™s important our workers feel seen, valued, and supported. A hot meal and a genuine kÅrero go a long way.

At Extrastaff, we believe showing up for our workforce is just as important as placing them. Thatâ€™s how you build trust, loyalty, and lasting partnerships.

Weâ€™ll keep backing our people, one site at a time.

_
#extrastaff",False,
3708720449506720852,1756333951,13,"MEET OUR TEAM
Stacey Osborne | Chief Financial Officer

With over 18 years of experience in the Accounting sector, Stacey brings a wealth of financial expertise to the Infrawork Group.

Her career began with leading firms KPMG and BDO, before progressing into senior leadership roles within the Transport and Retail sectors, where she refined her strategic and operational financial acumen.

As CFO, Stacey provides critical insight and direction to support sustainable growth, financial stability, and operational excellence across the business.

Sheâ€™s a key driver of sound governance and performance, ensuring the financial health of the organisation while empowering teams to deliver value at every level.

Staceyâ€™s commitment to integrity, transparency, and continuous improvement makes her an essential part of the leadership team driving Infrawork Groupâ€™s success.

_
#Extrastaff #InfraworkGroup #RecruitmentNZ #CFO #FinancialLeadership #MeetOurTeam #PeopleFirst #NZJobs #WorkforceExperts",False,
3707226932407364763,1756155910,6,"â˜• First impressions matter, and so does showing up.

Hereâ€™s @anitasharp_ one of our newest recruiters, grabbing coffee before her first sales meeting with potential clients. But it didnâ€™t stop there, Anita also visited their project site to get a real feel for the work theyâ€™re doing.

At Extrastaff, we believe recruitment is more than just matching resumes. Itâ€™s about understanding the job, the environment, and the people behind every project, so we can deliver exactly the right skilled labour solutions.

Building relationships. Seeing the bigger picture and getting the job done. Thatâ€™s how we work.

_
#Extrastaff #PeopleFirst #SiteVisit #RecruitmentWithHeart #WorkforceExperts #ClientFocus #ConsultantLife #InfrastructureNZ #InfraworkGroup",False,
3703651406583444457,1755729674,2,"Youâ€™ve seen our work, even if you didnâ€™t know it.

From the City Rail Link in Auckland to Transmission Gully in Wellington, Extrastaff has helped build some of New Zealandâ€™s most high-profile infrastructure and commercial projects.

With over 120,000 successful job placements and a network of 500+ clients, weâ€™re trusted to deliver the skilled labour that gets the job done: safely, efficiently, and on time.

ğŸ› ï¸ Large-scale infrastructure
ğŸ¢ Commercial construction
ğŸŒ± Horticulture, healthcare, logistics, office & more
ğŸŒ Local & migrant workforce solutions

Weâ€™re more than recruiters, weâ€™re workforce partners.

When itâ€™s time to build, New Zealand builds with Extrastaff.

_
#Extrastaff #WorkforceExperts #BuiltByPeople #NZInfrastructure #CityRailLink #TransmissionGully #SkilledLabour #RecruitmentLeaders #InfraworkGroup #TrustedByMany",False,
3702142764499888285,1755549830,2,"ğŸ—ï¸ NZ Qualified Builders, we need you!
Looking for long-term, full-time work in Hamilton? Weâ€™re hiring experienced builders for solid projects across the Waikato region â€” residential & commercial.

ğŸ“ Hamilton-based
ğŸ“… Ongoing, long-term work
ğŸš€ Career growth & upskilling opportunities

If youâ€™re trade-qualified with solid experience and ready to build something great, we want to hear from you.

Apply now: Link in bio. 
Letâ€™s build your future ğŸ‘·â€â™‚ï¸

_
#Extrastaff #ConstructionJobsNZ #BuilderJobs #HamiltonJobs #SkilledTrades #NZBuilder #WaikatoWork #HiringNow #BuildWithUs",False,
3698581462502531740,1755125290,3,"When New Zealand needs skilled labour, we deliver.

From urgent fill-ins to full project crews, Extrastaff provides the people who keep NZ working. Weâ€™ve placed over 120,000 workers and partnered with 500+ businesses nationwide.

ğŸ”§ Any sector, any scale
ğŸŒ Local & migrant talent
âš¡ Fast, flexible, reliable

Work doesnâ€™t stop. Neither do we.

_
#Extrastaff #NZJobs #WorkforceReady #SkilledLabourNZ #PeoplePower #InfraworkGroup #RecruitmentNZ #EssentialWorkforce",False,
3697084004194737699,1754946779,1,"500+ clients canâ€™t be wrong.
From government agencies to local legends and multinational giants, Extrastaff is the go-to partner for scalable, skilled labour across Aotearoa.

ğŸ’¼ Construction | Industrial | Health | Manufacturing | Office
â±ï¸ Flexible, 24/7 service
ğŸ”’ Fully vetted, work-ready teams

Join the companies building NZ with people who get the job done.

_
#Extrastaff #TrustedBy500 #WorkforceExperts #SkilledLabourNZ #NZBusiness #RecruitmentDoneRight #InfraworkGroup",False,
3693574932782478804,1754528465,3,"At Extrastaff, building strong connections is key.
Michaela, one of our dedicated recruiters, works closely with Sharpie from @grouting.services to ensure every placement is a perfect fit.
By understanding the unique needs of both clients and candidates, we provide reliable, skilled workers who thrive on quality and safety.

We believe in supporting everyone throughout the process, checking in regularly, addressing concerns, and fostering trust.
For Sharpie, this means dependable teams that get the job done right. For candidates, it means meaningful roles with growth opportunities and ongoing support.

Itâ€™s more than just recruitment; itâ€™s about creating lasting partnerships that benefit everyone involved.",False,
3691990351793137267,1754339568,5,"Since 1965, weâ€™ve been powering New Zealandâ€™s workforce.
From humble beginnings to 120,000+ job placements, Extrastaff has proudly supported the people behind Aotearoaâ€™s biggest infrastructure, commercial, and community projects.

ğŸ’ª Trusted by 500+ clients nationwide
ğŸš§ Specialists in trades, industrial, health, office & more
ğŸŒ Local & migrant workforce solutions
ğŸ‡³ğŸ‡¿ 100% NZ-owned and operated

Experience matters. People matter more.

_
#Extrastaff #Since1965 #NZWorkforce #RecruitmentExperts #InfraworkGroup #KiwiBusiness #SkilledLabour #JobsNZ #NewZealandMade",False,
3686943040511798303,1753737882,3,"Manufacturing & Logistics Staffing: ready when you are.

From the factory floor to final delivery, weâ€™ve got the people to keep your operation moving.

We supply:â€¨â€¢ Factory & production workersâ€¨â€¢ Pickers, packers & warehouse staffâ€¨â€¢ Drivers, groundskeepers & viticulturistsâ€¨â€¢ Skilled & licensed workers across metalwork, plastics, electronics & moreâ€¨â€¢ Admin & management staff

We take the time to understand your business and deliver candidates who fit, skills, experience, and mindset included.
Health & safety is always front of mind, and our recruits are ready to hit the ground running.

ğŸ“¦ Need manufacturing or logistics staff? Letâ€™s make it happen.

ğŸ“ Get in touch today!â€¨ğŸŒ extrastaff.co.nzâ€¨ğŸ“§ contact@extrastaff.co.nzâ€¨ğŸ“± 0800 662 511

_
#ExtraStaff #Manufacturing",False,
3683300362641250599,1753303641,2,"ğŸ›  Looking for consistent work in construction? Weâ€™re hiring!

Extrastaff is seeking Site Safe Labourers to join our Christchurch-based teams on commercial sites.

If youâ€™ve got a strong work ethic, a great attitude, and enjoy being part of a team, youâ€™re exactly who weâ€™re after.

â€¢ Current Site Safe
â€¢ â Clean MOJ & can pass a drug test
â€¢ â Restricted licence + reliable transport
â€¢ â Hardworking, reliable, and team-focused
â€¢ â Previous site experience preferred

We offer:
â€¢ Weekly pay
â€¢ Full PPE supplied
â€¢ 8â€“10 hour days, Mondayâ€“Friday
â€¢ Supportive team environment

Apply now: link in bio.

_
#WeAreHiring #ConstructionJobsNZ #LabourersNZ #ExtraStaff #SkilledJobs #ChristchurchJobs #WorkWithUs #TradesNZ #RecruitmentNZ",False,
3681827659073734691,1753128081,5,"Trades & Construction Staffing: sorted.
Need skilled workers on-site fast? Weâ€™ve got you covered.
From labourers to licensed tradespeople, builders, electricians, plumbers, tilers, and more, our database is stacked with reliable, site-ready talent.

We provide:â€¨â€¢ Temporary or permanent staffâ€¨â€¢ Civil & commercial tradesâ€¨â€¢ Full screening, drug testing & police checks if needed

Whether itâ€™s a short-term job or a major project, we deliver the right people, right when you need them.

ğŸ“ Get in touch today!â€¨ğŸŒ extrastaff.co.nzâ€¨ğŸ“§ contact@extrastaff.co.nzâ€¨ğŸ“± 0800 662 511

_â€¨#ExtraStaff #Trades #Construction",False,
3678259130735140680,1752702679,2,"Recruiting Offshore? Weâ€™re already set up!

As an accredited provider, weâ€™re approved to bring international workers into New Zealand safely and legally.

That means less paperwork, fewer delays, and faster placement of the right people for the job.

Construction, manufacturing, trades, weâ€™ve got it covered.

_
#ExtraStaff #WorkInNZ #Recruitment #ImmigrationAccredited #NZJobs",False,
3676049508926292047,1752439272,0,"MEET OUR TEAM
Samsara Cawley | Chief Sales Officer
Samsara is a passionate leader who brings energy, excellence, and empathy to everything she does.

As our Chief Sales Officer, sheâ€™s committed to exceeding expectations, for her team, clients, and candidates alike.

With a natural drive to build meaningful connections and lasting relationships, Samsara thrives in fast-paced environments where people are the business.

She leads by example, always striving to engage, support, and develop her team every step of the way.

_
#Extrastaff #RecruitmentNS #Extrastaffteam #WorkWithUs #NZJobs #LookingOutForPeopleLookingOutForJobs",False,
3673823008785401000,1752173852,2,"Looking out for People. Looking out for Jobs.

Spot the difference?
Whether youâ€™re hiring or job hunting, ExtraStaff is your trusted partner.

With proven industry expertise and a people-first approach, we deliver results that set us apart.

What We Do:
â€¢ Trades & Construction: Builders, labourers & site-ready crews
â€¢ Manufacturing: Quality staff across all levels
â€¢ Health: Trusted professionals with care & precision
â€¢ Industrial: Labour solutions for any scale or duration
â€¢ Office: Admin, accounts & support staff
â€¢ Horticulture: Reliable workers for seasonal & ongoing roles

ğŸ“ Get in touch today!
ğŸŒ extrastaff.co.nz
ğŸ“§ contact@extrastaff.co.nz
ğŸ“± 0800 662 511

_
#ExtraStaff #RecruitmentNZ #WeAreHiring #WorkWithUs #NZJobs #HiringNow",False,
3671727242650562110,1751924017,2,"Need 20 workers this week, and 100 next month? Weâ€™ve got you.
ExtraStaffâ€™s bulk labour model is built for big projects that move fast.â€¨From trades and manufacturing to office roles and logistics, we supply the right people, right when you need them.

â€¢ Flexible staffing
â€¢ NZ-wide coverage
â€¢ â Fully compliant + accredited

Weâ€™re ready when you are.

_
#Extrastaffâ€¨#WorkforceFlexibility #BulkLabourNZ #ProjectStaffing #RecruitmentThatWorks",False,
3668102768772433010,1751491946,2,"ğŸ”¨ Looking for your next opportunity in Carpentry? Weâ€™re hiring!

ExtraStaff is seeking NZ Qualified Carpenters to join our Christchurch-based teams.

If you take pride in your workmanship, are organised, trustworthy, and motivated to deliver quality results, we want to hear from you.

â€¢ 4+ years experience
â€¢ â  Strong work ethic & time management
â€¢ â  Commitment to safety & quality
â€¢ â  Full-time, permanent roles available

Whether youâ€™re a Rough Carpenter or Finishing Carpenter, our clients are ready for you.

Apply now: link in bio.

_
#WeAreHiring #CarpentryJobsNZ #TradesNZ #ExtraStaffNZ #SkilledJobs #JoinOurTeam #ChristchurchJobs #ConstructionNZ #RecruitmentNZ #WorkWithUs",False,
3666663907777270887,1751320421,1,"People you can rely on. Work you can trust.

At ExtraStaff, we connect skilled, dependable workers with businesses that need them, fast.
From construction sites to warehouses, factories to offices, we know what it takes to keep your operation running smoothly.
Whether youâ€™re looking for short-term support or long-term staffing, weâ€™ve got the team, the tools, and the talent to deliver.

â€¢ Site-ready workersâ€¨â€¢ Reliable placementsâ€¨â€¢ Industry-matched skillsâ€¨â€¢ Fully screened & safety-focused

Need staff or looking for work? ExtraStaff is your trusted partner.

ğŸ“ Get in touch today!â€¨ğŸŒ extrastaff.co.nzâ€¨ğŸ“§ contact@extrastaff.co.nzâ€¨ğŸ“± 0800 662 511

_â€¨#ExtraStaff #WorkWithUs #StaffingSolutions #RecruitmentNZ",False,
3663066895752288782,1750891623,0,"City Rail Link. We help power NZâ€™s biggest builds.

From infrastructure to manufacturing, ExtraStaff provides skilled labour to the projects that move New Zealand forward.

Why do the biggest names in the industry choose us?
â€¢ Scale & flexibility
â€¢ Accredited processes
â€¢ 120,000+ placements (and counting)

Letâ€™s build something big, together.

_
#Extrastaff #CityRailLink #InfrastructureNZ #SkilledLabour #ProjectWorkforce #WeDeliver",False,
3661567066714731536,1750712830,0,"The real engine behind 120,000 placements? Our people.

At ExtraStaff, itâ€™s not just about recruitment, itâ€™s about people.
From recruiters and visa experts to coordinators and client managers, our internal crew works around the clock to support clients, candidates, and each other.

Weâ€™re proud of the energy, professionalism, and heart behind every successful placement.

â€¢ 500+ active clients
â€¢ Nationwide support
â€¢ 24/7 commitment

We got to celebrate that passion and drive at the RCSA Recruitment Gala 2025, a fantastic night honouring the people who make our industry thrive.
Congrats to all the finalists, and hereâ€™s to a big second half of the year! âœ¨

_
#ExtraStaff #TeamExtraStaff #RecruitmentExperts #OfficeCulture #WorkforceSolutions #RCSAGala2025 #Recruitment",False,
3657311936942995472,1750205579,0,"Weâ€™re proud to announce that Extrastaff is an accredited employer under Immigration New Zealandâ€™s Accredited Employer Work Visa (AEWV) scheme.

This accreditation enables us to recruit and support skilled international workers with visa sponsorship and extensions, helping you secure employment and confidently navigate the visa process.

If you:
â€¢ Have recently been made redundant
â€¢ Are skilled in the trade sector and seeking visa sponsorship
â€¢ Or need support extending your visa

Get in touch today to learn more!
ğŸŒ extrastaff.co.nz
ğŸ“ 0800 662 511
âœ‰ï¸ contact@extrastaff.co.nz

Weâ€™re here to support your employment journey in New Zealand.

_
#Extrastaff #AccreditedEmployer #AEWV #VisaSupport #TradeJobsNZ #WorkInNZ #SkilledMigrants",False,
