datetime,shortcode,likes,comment,caption,is_video,instagram_url
2025-11-10 20:18:28,3763011161383193882,1,,"On Site & On Point
At Extrastaff, we know that getting the job done starts with getting the right people on site, fast.

From skilled plant operators to general labourers, weâ€™re proud to support the backbone of the construction industry across Aotearoa.

Whether youâ€™re scaling up for a big project or need last-minute cover, weâ€™ve got the workforce ready to dig in, literally. ğŸ‘·â€â™‚ï¸ğŸ› ï¸

Need staff? Letâ€™s talk.

_
#Construction #Hiring #Recruitment #PlantOperators #Extrastaff #BuildingTheFuture",False,https://www.instagram.com/p/3763011161383193882/
2025-11-05 22:51:03,3759464075257597824,3,,"Hard hats, hi-vis, and hustle.
From early starts to late shifts, our crews are out there getting it done, across worksites, warehouses, and everywhere in between.

At Extrastaff, we donâ€™t just talk about workforce solutions, we live them. Real people, real skills, real results.
Wherever you are in NZ, chances areâ€¦ weâ€™ve got boots on the ground.

And because we know the mahi doesnâ€™t stop, neither does the appreciation, thatâ€™s why the Extrastaff team loves showing up with a solid brekkie or a BBQ lunch to say thanks. Because hard work deserves more than just a handshake.

_
#ExtraStaffEverywhere #PeoplePower #WorkforceOnPoint #NZGrit #MahiMatters #StaffingDoneRight",False,https://www.instagram.com/p/3759464075257597824/
2025-11-03 19:22:40,3757909641557922777,1,,"The marketâ€™s shifting, and better things are on the horizon.

At Extrastaff, we see the signs: demand is picking up, projects are ramping up, and businesses are gearing for growth.

Thatâ€™s why planning ahead is key; getting the right people lined up before the rush hits can make all the difference. But we also know things donâ€™t always go to plan, so weâ€™re here to step in fast and deliver short-term support whenever you need it.

Flexible, reliable, and ready for whatâ€™s next, thatâ€™s the ExtraStaff promise.

Letâ€™s tackle the future together.

_
#MarketShift #WorkforceSolutions #PlanAhead #FlexibleStaffing #Extrastaff #ReadyForGrowth",False,https://www.instagram.com/p/3757909641557922777/
2025-10-29 21:17:07,3754343369637324445,2,,"ğŸ³ Early start, solid crew, and a hot breakfast to match!

The Extrastaff team had the pleasure of putting on an early brekkie shout for the legends at @sansom_nz right at their yard and offices.

These guys show up day in, day out, with a serious work ethic, so we thought it was only right to show up with bacon, eggs, OJ, and a big thank you.

Weâ€™re proud to support teams like Sansom, where the mahi speaks for itself.

_
#BreakfastShout #ExtraStaffOnSite #ClientAppreciation #MahiMatters #Sansom #PeopleFirst",False,https://www.instagram.com/p/3754343369637324445/
2025-10-27 19:25:49,3752837796039212610,1,,"ğŸªš Skilled interior carpenters, ready to shape your space.

At Extrastaff, we know the difference a quality carpenter makes, from precision fit-outs to finishing touches that bring interiors to life.

Our trade-tested carpenters bring experience, reliability, and a commitment to getting the job done right, every time.

Need a team that nails it? Letâ€™s connect.

_
#InteriorCarpentry #SkilledTrades #TradeTested #Extrastaff #QualityCraftsmanship",False,https://www.instagram.com/p/3752837796039212610/
2025-10-22 22:50:20,3749316858731481386,2,,"ğŸ› ï¸ Weâ€™re proud of the team weâ€™ve built.
From north to south, Extrastaff crews are on the ground every day, keeping worksites moving, businesses growing, and projects on track.

Our people are skilled, reliable, and ready to deliver where it counts. Itâ€™s not just about numbers; itâ€™s about consistency, capability, and commitment across the country.

Trusted by clients. Backed by experience. Powered by people.

_
#OnTheGround #WorkforceReady #NZBusiness #Extrastaff #PeopleThatDeliver",False,https://www.instagram.com/p/3749316858731481386/
2025-10-20 18:51:45,3747747222097406616,0,,"People. Performance. Results.
At Extrastaff, weâ€™re not just filling roles, weâ€™re building teams that deliver. From skilled workers to tailored staffing solutions, weâ€™re all about matching the right people to the right jobs.

Fast, reliable, and always aligned with our clientsâ€™ needs. Thatâ€™s the Extrastaff difference.

Letâ€™s get to work.

_
#WorkforceSolutions #StaffingExperts #Extrastaff #PeopleThatPerform",False,https://www.instagram.com/p/3747747222097406616/
2025-10-16 00:09:29,3744283262354372097,0,,"ğŸ¯ The right skills for the right job, every time.
At Extrastaff, we donâ€™t believe in one-size-fits-all. Thatâ€™s why we take the time to truly understand our clients, their operations, their culture, and the exact skills they need on-site.

Through thorough screening and trade testing, we ensure every worker we place is job-ready and the right fit from day one.

Tailored staffing isnâ€™t just a service, itâ€™s a partnership.

_
#SkilledWorkforce #TradeTested #TailoredStaffing #ClientFocused #ExtraStaff",False,https://www.instagram.com/p/3744283262354372097/
2025-10-13 20:18:52,3742717635399469103,1,,"ğŸ¤ Our clients are at the heart of everything we do.

At Extrastaff, weâ€™re proud to partner with businesses of all sizes, from local operators to national brands, delivering flexible staffing solutions that keep things moving.

We understand that every business is different, so we tailor our approach to fit your needs, not the other way around.

Thank you to our clients for trusting us to be part of your journey.

_
#ClientFirst #StaffingSupport #BusinessPartners #Extrastaff",False,https://www.instagram.com/p/3742717635399469103/
2025-10-08 21:47:51,3739138551339789011,2,,"At Extrastaff, weâ€™re all about people.
We provide smart, fast, and flexible staffing solutions across a range of industries, helping businesses stay agile and workers stay connected to opportunities.

With years of experience and a hands-on approach, we make staffing simple.

Letâ€™s make work work better.

_
#StaffingSolutions #BusinessSupport #WorkforceExperts #ExtraStaff",False,https://www.instagram.com/p/3739138551339789011/
2025-10-06 20:20:44,3737645147917364665,2,,"ğŸ€ Season 5 of the Extrastaff Basketball League wrapped up with a high-energy Finals Night at Kelston Boys High School!

This season brought together the best of Extrastaff Elite and Extrastaff Division teams, with 6 teams walking away with prize money after a fierce competition. 

Big shoutout to Oscar & Charles, who were courtside for the action, joining Dennis & Mikee from Workers First Union to present the trophies to our winners and runners-up. ğŸ†ğŸ‘

Weâ€™re already looking ahead to Season 6, and this time, weâ€™re planning to enter an Extrastaff Internal Team into the mix. Letâ€™s go! ğŸ’ª

_
#ExtrastaffBasketball #Season5Finals #TeamSpirit #Community #WorkersFirstUnion #GameOn",False,https://www.instagram.com/p/3737645147917364665/
2025-10-01 20:53:04,3734037547120283671,2,,"ğŸ’§ Waterproofers Wanted â€“ Auckland
Skilled in waterproofing or confident on the tools? Weâ€™ve got full-time work ready to go across Auckland!

ğŸ“ Auckland-based
ğŸ“… Ongoing, full-time work
ğŸ› ï¸ Torch-on, membrane & general waterproofing
ğŸš€ Supportive teams & real growth

Weâ€™re after reliable tradies or labourers with waterproofing skills. Shingle roofing experience is a bonus, but not essential â€” the right attitude matters most.

â€¢ Immediate starts
â€¢ Great crews, solid projects
â€¢ Opportunity to upskill and grow

If youâ€™re ready to get stuck in and take your skills to the next level, we want to hear from you.

Apply now: Link in bio
Letâ€™s build something watertight together!

_
#Extrastaff #WaterproofingJobs #ConstructionJobsNZ #AucklandJobs #TradieLife #HiringNow #RoofingJobs #SkilledLabour #NZConstruction #WorkWithUs",False,https://www.instagram.com/p/3734037547120283671/
